"Timestamp","Você possui animal de estimação?","Você já teve interesse em procurar um parceiro(a) para o seu animal?","Como foi  sua busca por um parceiro ideal para o  seu Pet?","Qual o tempo gasto na busca pelo parceiro para o seu Pet?","Como seria os requisitos na busca de um parceiro ideal para  o seu Pet?","O que você acharia de uma plataforma de busca do parceiro ideal para o seu Pet?","Você usaria uma plataforma de busca para encontrar um parceiro para seu Pet?"
"2018/12/03 12:56:27 AM GMT","Sim","Não","Nunca Procurei","Nunca Procurei.","Nao tenho preocupação com isso, só busco a felicidade do meu Pet","Legal.","Talvez"
"2018/12/03 12:56:52 AM GMT","Sim","Talvez","Nunca Procurei","Nunca Procurei.","Nao tenho interesse no assunto.","Legal.","Sim"
"2018/12/03 12:57:01 AM GMT","Sim","Sim","Difícil","Um tempo médio.","Todos os possiveis, desde raça até as condicções de saúde.","Legal.","Sim"
"2018/12/03 12:57:28 AM GMT","Sim","Não","Nunca Procurei","Nunca Procurei.","Todos os possiveis, desde raça até as condicções de saúde.","Legal.","Sim"
"2018/12/03 12:58:17 AM GMT","Sim","Não","Nunca Procurei","Nunca Procurei.","Nao tenho interesse no assunto.","Nao tenho interesse no assunto.","Não"
"2018/12/03 1:01:47 AM GMT","Sim","Sim","Fácil","Pouco tempo.","Nao tenho preocupação com isso, só busco a felicidade do meu Pet","Legal.","Talvez"
"2018/12/03 2:09:55 AM GMT","Sim","Não","Nunca Procurei","Nunca Procurei.","Nao tenho interesse no assunto.","Nao tenho interesse no assunto.","Não"
"2018/12/06 11:29:16 AM GMT","Sim","Sim","Difícil","Um tempo médio.","Todos os possiveis, desde raça até as condicções de saúde.","Otimo.","Sim"
"2018/12/06 11:29:58 AM GMT","Sim","Sim","Nunca Procurei","Nunca Procurei.","Todos os possiveis, desde raça até as condicções de saúde.","Otimo.","Sim"