"Timestamp","Qual o seu maior interesse na busca  por um parceiro para seu Pet?","Seu Pet ja Procriou alguma vez?","Se seu Pet procriasse, qual o seu interesse com o filhote?","Na busca por uma parceiro para procriação, existiria algum requisito específico para a escolha?","O que você acha de uma Plataforma que facilitaria os encontros dos seus pets?",""
"2018/12/03 12:57:02 AM GMT","Apenas uma companhia.","Não","Mais um membro pra familia.","Nao pensei a respeito","","Nao tenho uma opnião."
"2018/12/03 12:58:16 AM GMT","A felicidade do animal.","Não","Mais um membro pra familia.","Sim","","Bom"
"2018/12/03 12:59:12 AM GMT","Procriação.","Não","Nao pensei no assunto.","Talvez","","Ruin"
"2018/12/03 2:10:51 AM GMT","A felicidade do animal.","Sim","Eu venderia.","Nao pensei a respeito","","Ruin"
"2018/12/06 11:16:51 AM GMT","Procriação.","Não","Eu venderia.","Sim","","Muito Bom"
"2018/12/06 11:18:25 AM GMT","A felicidade do animal.","Sim","Eu venderia.","Sim","","Bom"
"2018/12/06 11:20:50 AM GMT","Procriação.","Sim","Eu venderia.","Sim","","Muito Bom"
"2018/12/06 11:23:52 AM GMT","Procriação.","Sim","Nao pensei no assunto.","Sim","Bom",""
"2018/12/06 11:24:12 AM GMT","A felicidade do animal.","Sim","Eu venderia.","Sim","Não pensei a respeito",""